{"cameraMode":{"drawMode":0,"name":"Shaded","section":"Shading Mode"},"sceneLighting":true,"audioPlay":false,"sceneViewState":{"showFog":true,"showMaterialUpdate":true,"showSkybox":true,"showFlares":true,"showImageEffects":true,"showParticleSystems":true},"in2DMode":false,"pivot":{"x":-0.1645432561635971,"y":0.4210641384124756,"z":-0.37463998794555666},"rotation":{"x":-0.008966437540948391,"y":0.9702976942062378,"z":-0.23899132013320924,"w":-0.036403387784957889},"size":1.8016607761383057,"orthographic":false}