{"cameraMode":{"drawMode":0,"name":"Shaded","section":"Shading Mode"},"sceneLighting":true,"audioPlay":false,"sceneViewState":{"showFog":false,"showMaterialUpdate":false,"showSkybox":false,"showFlares":false,"showImageEffects":false,"showParticleSystems":false},"in2DMode":false,"pivot":{"x":-8.274352073669434,"y":-4.280717372894287,"z":10.091499328613282},"rotation":{"x":0.027929984033107759,"y":-0.5443755388259888,"z":0.018139978870749475,"w":0.8381819128990173},"size":0.3230428695678711,"orthographic":false}