{"cameraMode":{"drawMode":0,"name":"Shaded","section":"Shading Mode"},"sceneLighting":true,"audioPlay":false,"sceneViewState":{"showFog":false,"showMaterialUpdate":false,"showSkybox":false,"showFlares":false,"showImageEffects":false,"showParticleSystems":false},"in2DMode":false,"pivot":{"x":-10.75,"y":-3.9000000953674318,"z":-2.809999942779541},"rotation":{"x":0.008355425670742989,"y":-0.9760224223136902,"z":0.2141619771718979,"w":0.038094114512205127},"size":7.280612945556641,"orthographic":true}