{"cameraMode":{"drawMode":0,"name":"Shaded","section":"Shading Mode"},"sceneLighting":true,"audioPlay":false,"sceneViewState":{"showFog":false,"showMaterialUpdate":false,"showSkybox":false,"showFlares":false,"showImageEffects":false,"showParticleSystems":false},"in2DMode":false,"pivot":{"x":-8.30968952178955,"y":-4.16533899307251,"z":10.03104019165039},"rotation":{"x":0.027929984033107759,"y":-0.5443755388259888,"z":0.018139978870749475,"w":0.8381819128990173},"size":0.6230428814888,"orthographic":false}