{"cameraMode":{"drawMode":0,"name":"Shaded","section":"Shading Mode"},"sceneLighting":true,"audioPlay":false,"sceneViewState":{"showFog":true,"showMaterialUpdate":true,"showSkybox":true,"showFlares":true,"showImageEffects":true,"showParticleSystems":true},"in2DMode":false,"pivot":{"x":-9.499229431152344,"y":-4.746950149536133,"z":9.40048885345459},"rotation":{"x":0.04868502914905548,"y":0.9504331946372986,"z":-0.2371249794960022,"w":0.19513705372810365},"size":3.6289916038513185,"orthographic":false}