{"cameraMode":{"drawMode":0,"name":"Shaded","section":"Shading Mode"},"sceneLighting":true,"audioPlay":false,"sceneViewState":{"showFog":true,"showMaterialUpdate":true,"showSkybox":true,"showFlares":true,"showImageEffects":true,"showParticleSystems":true},"in2DMode":false,"pivot":{"x":-11.178919792175293,"y":-7.0345072746276859,"z":2.9371490478515627},"rotation":{"x":0.007972314953804016,"y":0.9851219654083252,"z":-0.16494616866111756,"w":0.047614771872758868},"size":7.9337286949157719,"orthographic":false}