{"cameraMode":{"drawMode":0,"name":"Shaded","section":"Shading Mode"},"sceneLighting":true,"audioPlay":false,"sceneViewState":{"showFog":false,"showMaterialUpdate":false,"showSkybox":false,"showFlares":false,"showImageEffects":false,"showParticleSystems":false},"in2DMode":false,"pivot":{"x":-10.90760612487793,"y":-3.7322518825531008,"z":-2.459059476852417},"rotation":{"x":0.04072611778974533,"y":-0.9376211166381836,"z":0.11763601005077362,"w":0.3246118128299713},"size":6.924746513366699,"orthographic":false}