{"cameraMode":{"drawMode":0,"name":"Shaded","section":"Shading Mode"},"sceneLighting":true,"audioPlay":false,"sceneViewState":{"showFog":true,"showMaterialUpdate":true,"showSkybox":true,"showFlares":true,"showImageEffects":true,"showParticleSystems":true},"in2DMode":false,"pivot":{"x":-9.695518493652344,"y":-4.729736328125,"z":4.191258430480957},"rotation":{"x":0.16740135848522187,"y":-0.20249593257904054,"z":0.03515675291419029,"w":0.9642302393913269},"size":2.7726891040802,"orthographic":true}