{"cameraMode":{"drawMode":0,"name":"Shaded","section":"Shading Mode"},"sceneLighting":true,"audioPlay":false,"sceneViewState":{"showFog":false,"showMaterialUpdate":false,"showSkybox":false,"showFlares":false,"showImageEffects":false,"showParticleSystems":false},"in2DMode":false,"pivot":{"x":-13.308355331420899,"y":-4.831596851348877,"z":14.52124309539795},"rotation":{"x":0.0961049422621727,"y":-0.7300907969474793,"z":0.10497839748859406,"w":0.668370246887207},"size":2.239175319671631,"orthographic":false}