{"cameraMode":{"drawMode":0,"name":"Shaded","section":"Shading Mode"},"sceneLighting":true,"audioPlay":false,"sceneViewState":{"showFog":false,"showMaterialUpdate":false,"showSkybox":false,"showFlares":false,"showImageEffects":false,"showParticleSystems":false},"in2DMode":false,"pivot":{"x":-12.044936180114746,"y":-3.065798282623291,"z":14.151074409484864},"rotation":{"x":-0.010843722149729729,"y":0.9670600891113281,"z":-0.25085917115211489,"w":-0.04180241748690605},"size":2.448324203491211,"orthographic":false}